,train_acc,test_acc
0,0.5281553398058253,0.52046783625731
