,train_acc,test_acc
0,0.5804263565891473,0.5214007782101168
