,train_acc,test_acc
0,0.46458333333333335,0.519916142557652
