,train_acc,test_acc
0,0.5420289855072464,0.5242718446601942
