,train_acc,test_acc
0,0.4878522837706511,0.537109375
