,train_acc,test_acc
0,0.46012931034482757,0.5119305856832972
