,train_acc,test_acc
0,0.49081632653061225,0.43737166324435317
