,train_acc,test_acc
0,0.48348348348348347,0.42900302114803623
