,train_acc,test_acc
0,0.6248785228377065,0.564453125
