,train_acc,test_acc
0,0.48452611218568664,0.5009708737864078
