,train_acc,test_acc
0,0.6923076923076923,0.5816993464052288
