,train_acc,test_acc
0,0.5889748549323017,0.5077821011673151
