,train_acc,test_acc
0,0.5907335907335908,0.5320388349514563
