,train_acc,test_acc
0,0.5851063829787234,0.4893203883495146
