,train_acc,test_acc
0,0.6304558680892337,0.5360623781676414
