,train_acc,test_acc
0,0.4309723889555822,0.5265700483091788
