,train_acc,test_acc
0,0.6188811188811189,0.5516431924882629
