,train_acc,test_acc
0,0.5029013539651838,0.5184466019417475
