,train_acc,test_acc
0,0.4759519038076152,0.49798387096774194
