,train_acc,test_acc
0,0.6180758017492711,0.515625
