,train_acc,test_acc
0,0.6042471042471043,0.5689320388349515
