,train_acc,test_acc
0,0.4733606557377049,0.5360824742268041
