,train_acc,test_acc
0,0.6286266924564797,0.585603112840467
