,train_acc,test_acc
0,0.6438223938223938,0.5883495145631068
