,train_acc,test_acc
0,0.4622093023255814,0.5175097276264592
