,train_acc,test_acc
0,0.5880077369439072,0.519455252918288
