,train_acc,test_acc
0,0.44793713163064836,0.5158730158730159
