,train_acc,test_acc
0,0.5091965150048403,0.5038910505836576
