,train_acc,test_acc
0,0.6023166023166023,0.5611650485436893
