,train_acc,test_acc
0,0.6013513513513513,0.5631067961165048
