,train_acc,test_acc
0,0.612934362934363,0.5203883495145631
