,train_acc,test_acc
0,0.5642512077294686,0.5242718446601942
