,train_acc,test_acc
0,0.6017441860465116,0.5272373540856031
