,train_acc,test_acc
0,0.6611969111969112,0.5883495145631068
