,train_acc,test_acc
0,0.45582329317269077,0.46774193548387094
