,train_acc,test_acc
0,0.6191860465116279,0.5419103313840156
