,train_acc,test_acc
0,0.5149625935162094,0.49122807017543857
