,train_acc,test_acc
0,0.5169683257918553,0.4760820045558087
